#,PYTHON_V,BENCHMARK_NAME,BUG_NUMBER,TARGET_DIR,TEST_SUITE,EXCLUDE,TARGET_FAILING_TESTS
1001,3.8,black,1,.,"tests/test_black.py","env;
tests","tests/test_black.py::BlackTestCase::test_works_in_mono_process_only_environment"
1003,3.8,black,3,.,"tests/test_black.py","env;
tests","tests/test_black.py::BlackTestCase::test_invalid_config_return_code"
1004,3.8,black,4,.,"tests/test_black.py","env;
tests","tests/test_black.py::BlackTestCase::test_beginning_backslash"
1006,3.8,black,6,.,"tests/test_black.py","env;
tests","tests/test_black.py::BlackTestCase::test_async_as_identifier;
tests/test_black.py::BlackTestCase::test_python37"
1007,3.8,black,7,.,"tests/test_black.py","env;
tests","tests/test_black.py::BlackTestCase::test_tuple_assign"
1008,3.8,black,8,.,"tests/test_black.py","env;
tests","tests/test_black.py::BlackTestCase::test_comments7"
1010,3.8,black,10,.,"tests/test_black.py","env;
tests","tests/test_black.py::BlackTestCase::test_comment_indentation"
1011,3.8,black,11,.,"tests/test_black.py","env;
tests","tests/test_black.py::BlackTestCase::test_comments6"
1014,3.8,black,14,.,"tests/test_black.py","env;
tests","tests/test_black.py::BlackTestCase::test_get_future_imports"
1015,3.8,black,15,.,"tests/test_black.py","env;
tests","tests/test_black.py::BlackTestCase::test_fmtonoff2"
1018,3.8,black,18,.,"tests/test_black.py","env;
tests","tests/test_black.py::BlackTestCase::test_preserves_line_endings"
1019,3.8,black,19,.,"tests/test_black.py","env;
tests","tests/test_black.py::BlackTestCase::test_comment_in_decorator"
1023,3.8,black,23,.,"tests/test_black.py","env;
tests","tests/test_black.py::BlackTestCase::test_python2"
2001,3.6,cookiecutter,1,cookiecutter,"tests/test_abort_generate_on_hook_error.py;
tests/test_generate_context.py;
tests/test_generate_copy_without_render.py;
tests/test_generate_file.py;
tests/test_generate_files.py;
tests/test_generate_hooks.py;
tests/test_hooks.py;
tests/test_output_folder.py","-","tests/test_generate_context.py::test_generate_context_decodes_non_ascii_chars"
2002,3.6,cookiecutter,2,cookiecutter,"tests/test_find.py;
tests/test_hooks.py","-","tests/test_hooks.py::TestFindHooks::test_find_hook;
tests/test_hooks.py::TestExternalHooks::test_run_hook"
2003,3.6,cookiecutter,3,cookiecutter,"tests/test_cli.py;
tests/test_prompt.py;
tests/test_read_repo_password.py;
tests/test_read_user_choice.py;
tests/test_read_user_dict.py;
tests/test_read_user_variable.py;
tests/test_read_user_yes_no.py","-","tests/test_read_user_choice.py::test_click_invocation"
2004,3.6,cookiecutter,4,cookiecutter,"tests/test_find.py;
tests/test_generate_context.py;
tests/test_generate_copy_without_render.py;
tests/test_generate_file.py;
tests/test_generate_files.py;
tests/test_generate_hooks.py;
tests/test_hooks.py;
tests/test_output_folder.py","-","tests/test_hooks.py::TestExternalHooks::test_run_failing_hook"
3001,3.8,fastapi,1,fastapi,"tests/test_additional_properties.py;
tests/test_additional_response_extra.py;
tests/test_additional_responses_bad.py;
tests/test_additional_responses_custom_validationerror.py;
tests/test_additional_responses_default_validationerror.py;
tests/test_additional_responses_response_class.py;
tests/test_additional_responses_router.py;
tests/test_callable_endpoint.py;
tests/test_custom_route_class.py;
tests/test_custom_swagger_ui_redirect.py;
tests/test_datetime_custom_encoder.py;
tests/test_default_response_class.py;
tests/test_default_response_class_router.py;
tests/test_dependency_cache.py;
tests/test_dependency_class.py;
tests/test_dependency_contextmanager.py;
tests/test_dependency_duplicates.py;
tests/test_dependency_overrides.py;
tests/test_duplicate_models_openapi.py;
tests/test_empty_router.py;
tests/test_extra_routes.py;
tests/test_filter_pydantic_sub_model.py;
tests/test_forms_from_non_typing_sequences.py;
tests/test_include_route.py;
tests/test_infer_param_optionality.py;
tests/test_inherited_custom_class.py;
tests/test_invalid_path_param.py;
tests/test_invalid_sequence_param.py;
tests/test_jsonable_encoder.py;
tests/test_multi_body_errors.py;
tests/test_multi_query_errors.py;
tests/test_no_swagger_ui_redirect.py;
tests/test_param_class.py;
tests/test_param_in_path_and_dependency.py;
tests/test_put_no_body.py;
tests/test_repeated_dependency_schema.py;
tests/test_request_body_parameters_media_type.py;
tests/test_response_change_status_code.py;
tests/test_response_class_no_mediatype.py;
tests/test_response_code_no_body.py;
tests/test_response_model_invalid.py;
tests/test_response_model_sub_types.py;
tests/test_router_events.py;
tests/test_router_prefix_with_template.py;
tests/test_security_api_key_cookie.py;
tests/test_security_api_key_cookie_optional.py;
tests/test_security_api_key_header.py;
tests/test_security_api_key_header_optional.py;
tests/test_security_api_key_query.py;
tests/test_security_api_key_query_optional.py;
tests/test_security_http_base.py;
tests/test_security_http_base_optional.py;
tests/test_security_http_basic_optional.py;
tests/test_security_http_basic_realm.py;
tests/test_security_http_bearer.py;
tests/test_security_http_bearer_optional.py;
tests/test_security_http_digest.py;
tests/test_security_http_digest_optional.py;
tests/test_security_oauth2.py;
tests/test_security_oauth2_authorization_code_bearer.py;
tests/test_security_oauth2_optional.py;
tests/test_security_oauth2_password_bearer_optional.py;
tests/test_security_openid_connect.py;
tests/test_security_openid_connect_optional.py;
tests/test_serialize_response.py;
tests/test_serialize_response_dataclass.py;
tests/test_serialize_response_model.py;
tests/test_skip_defaults.py;
tests/test_starlette_exception.py;
tests/test_starlette_urlconvertors.py;
tests/test_sub_callbacks.py;
tests/test_swagger_ui_init_oauth.py;
tests/test_union_body.py;
tests/test_union_inherited_body.py;
tests/test_validate_response.py;
tests/test_validate_response_dataclass.py;
tests/test_validate_response_recursive.py;
tests/test_ws_router.py","-","tests/test_jsonable_encoder.py::test_encode_model_with_default"
3002,3.8,fastapi,2,fastapi,"tests/test_additional_response_extra.py;
tests/test_additional_responses_router.py;
tests/test_custom_route_class.py;
tests/test_default_response_class.py;
tests/test_default_response_class_router.py;
tests/test_dependency_overrides.py;
tests/test_empty_router.py;
tests/test_include_route.py;
tests/test_infer_param_optionality.py;
tests/test_router_events.py;
tests/test_router_prefix_with_template.py;
tests/test_sub_callbacks.py;
tests/test_ws_router.py","-","tests/test_ws_router.py::test_router_ws_depends_with_override"
3003,3.8,fastapi,3,fastapi,"tests/test_serialize_response_model.py;
tests/test_additional_response_extra.py;
tests/test_additional_responses_router.py;
tests/test_custom_route_class.py;
tests/test_default_response_class.py;
tests/test_default_response_class_router.py;
tests/test_dependency_overrides.py;
tests/test_empty_router.py;
tests/test_include_route.py;
tests/test_infer_param_optionality.py;
tests/test_router_events.py;
tests/test_router_prefix_with_template.py;
tests/test_sub_callbacks.py;
tests/test_ws_router.py","-","tests/test_serialize_response_model.py::test_valid;
tests/test_serialize_response_model.py::test_coerce;
tests/test_serialize_response_model.py::test_validlist;
tests/test_serialize_response_model.py::test_validdict;
tests/test_serialize_response_model.py::test_valid_exclude_unset;
tests/test_serialize_response_model.py::test_coerce_exclude_unset;
tests/test_serialize_response_model.py::test_validlist_exclude_unset;
tests/test_serialize_response_model.py::test_validdict_exclude_unset"
3004,3.8,fastapi,4,fastapi,"tests/test_param_in_path_and_dependency.py","-","tests/test_param_in_path_and_dependency.py::test_reused_param"
3005,3.8,fastapi,5,fastapi,"tests/test_filter_pydantic_sub_model.py","-","tests/test_filter_pydantic_sub_model.py::test_filter_sub_model"
3006,3.8,fastapi,6,fastapi,"tests/test_forms_from_non_typing_sequences.py","-","tests/test_forms_from_non_typing_sequences.py::test_python_list_param_as_form;
tests/test_forms_from_non_typing_sequences.py::test_python_set_param_as_form;
tests/test_forms_from_non_typing_sequences.py::test_python_tuple_param_as_form"
3007,3.8,fastapi,7,fastapi,"tests/test_multi_body_errors.py","-","tests/test_multi_body_errors.py::test_jsonable_encoder_requiring_error"
3009,3.8,fastapi,9,fastapi,"tests/test_request_body_parameters_media_type.py","-","tests/test_request_body_parameters_media_type.py::test_openapi_schema"
3010,3.8,fastapi,10,fastapi,"tests/test_skip_defaults.py;
tests/test_additional_response_extra.py;
tests/test_additional_responses_router.py;
tests/test_dependency_overrides.py;
tests/test_empty_router.py;
tests/test_include_route.py;
tests/test_router_prefix_with_template.py;
tests/test_ws_router.py","-","tests/test_skip_defaults.py::test_return_defaults"
3011,3.8,fastapi,11,fastapi,"tests/test_union_inherited_body.py;
tests/test_union_body.py","-","tests/test_union_body.py::test_item_openapi_schema;
tests/test_union_body.py::test_post_other_item;
tests/test_union_body.py::test_post_item;
tests/test_union_inherited_body.py::test_inherited_item_openapi_schema;
tests/test_union_inherited_body.py::test_post_extended_item;
tests/test_union_inherited_body.py::test_post_item"
3012,3.8,fastapi,12,fastapi,"tests/test_security_http_base.py;
tests/test_security_http_base_optional.py;
tests/test_security_http_basic_optional.py;
tests/test_security_http_basic_realm.py;
tests/test_security_http_bearer.py;
tests/test_security_http_bearer_optional.py;
tests/test_security_http_digest.py;
tests/test_security_http_digest_optional.py","-","tests/test_security_http_bearer_optional.py::test_security_http_bearer_incorrect_scheme_credentials"
3014,3.8,fastapi,14,fastapi,"tests/test_additional_properties.py","-","tests/test_additional_properties.py::test_additional_properties_schema"
3016,3.8,fastapi,16,fastapi,"tests/test_jsonable_encoder.py","-","tests/test_jsonable_encoder.py::test_encode_model_with_config"
4002,3.7,httpie,2,httpie,"tests/test_redirects.py;
tests/test_errors.py","-","tests/test_redirects.py::TestRedirects::test_max_redirects"
4003,3.7,httpie,3,httpie,"tests/test_sessions.py","-","tests/test_sessions.py::TestSession::test_download_in_session"
4004,3.7,httpie,4,httpie,"tests/test_regressions.py","-","tests/test_regressions.py::test_Host_header_overwrite"
4005,3.7,httpie,5,httpie,"tests/tests.py","-","tests/tests.py::TestItemParsing::test_escape_longsep"
5001,3.7,keras,1,.,"tests/keras/backend/backend_test.py;
tests/keras/callbacks/callbacks_test.py;
tests/keras/engine/test_topology.py;
tests/keras/initializers_test.py;
tests/keras/layers/cudnn_recurrent_test.py;
tests/keras/layers/merge_test.py;
tests/keras/layers/recurrent_test.py;
tests/test_model_saving.py","env;
tests","tests/keras/initializers_test.py::test_statefulness"
5003,3.7,keras,3,.,"tests/integration_tests/test_tensorflow_integration.py;
tests/keras/layers/cudnn_recurrent_test.py;
tests/keras/layers/merge_test.py;
tests/keras/layers/recurrent_test.py;
tests/keras/losses_test.py;
tests/keras/test_sequential_model.py;
tests/keras/utils/multi_gpu_test.py","env;
tests","tests/keras/test_sequential_model.py::test_clone_functional_model_with_multi_outputs"
5005,3.7,keras,5,.,"tests/keras/layers/merge_test.py;
tests/keras/utils/data_utils_test.py","env;
tests","tests/keras/utils/data_utils_test.py::test_data_utils"
5006,3.7,keras,6,.,"tests/keras/engine/test_training.py;
tests/keras/layers/merge_test.py;
tests/keras/test_sequential_model.py;
tests/test_loss_masking.py","env;
tests","tests/test_loss_masking.py::test_masking_is_all_zeros"
5007,3.7,keras,7,.,"tests/keras/layers/merge_test.py;
tests/keras/wrappers/scikit_learn_test.py","env;
tests","tests/keras/wrappers/scikit_learn_test.py::test_regression_predict_shape_correct_num_test_1"
5010,3.7,keras,10,.,"tests/keras/engine/test_training.py;
tests/keras/layers/merge_test.py;
tests/keras/test_sequential_model.py;
tests/test_loss_masking.py","env;
tests","tests/keras/engine/test_training.py::test_sample_weights"
5014,3.7,keras,14,.,"tests/keras/layers/merge_test.py;
tests/keras/metrics_test.py","env;
tests","tests/keras/metrics_test.py::test_sparse_top_k_categorical_accuracy"
5017,3.7,keras,17,.,"tests/keras/layers/merge_test.py;
tests/keras/metrics_test.py","env;
tests","tests/keras/metrics_test.py::test_sparse_categorical_accuracy_correctness"
5018,3.7,keras,18,.,"tests/keras/backend/backend_test.py;
tests/keras/layers/merge_test.py","env;
tests","tests/keras/backend/backend_test.py::TestBackend::test_function_tf_run_options_with_run_metadata"
5020,3.7,keras,20,.,"tests/keras/backend/backend_test.py;
tests/keras/engine/test_topology.py;
tests/keras/engine/test_training.py;
tests/keras/layers/convolutional_recurrent_test.py;
tests/keras/layers/convolutional_test.py;
tests/keras/layers/merge_test.py;
tests/keras/layers/recurrent_test.py;
tests/keras/legacy/interface_test.py;
tests/keras/test_callbacks.py;
tests/keras/utils/conv_utils_test.py;
tests/keras/utils/layer_utils_test.py;
tests/keras/utils/vis_utils_test.py;
tests/test_model_saving.py","env;
tests","tests/keras/layers/convolutional_test.py::test_conv2d_transpose_dilation"
5026,3.7,keras,26,.,"tests/keras/backend/backend_test.py;
tests/keras/layers/merge_test.py","env;
tests","tests/keras/backend/backend_test.py::TestBackend::test_rnn_additional_states"
5031,3.7,keras,31,.,"tests/keras/backend/backend_test.py;
tests/keras/layers/merge_test.py","env;
tests","tests/keras/backend/backend_test.py::TestBackend::test_ctc"
5033,3.7,keras,33,.,"tests/keras/layers/merge_test.py;
tests/keras/preprocessing/text_test.py","env;
tests","tests/keras/preprocessing/text_test.py::test_text_to_word_sequence_multichar_split;
tests/keras/preprocessing/text_test.py::test_text_to_word_sequence_unicode_multichar_split"
5035,3.7,keras,35,.,"tests/keras/layers/merge_test.py;
tests/keras/preprocessing/image_test.py;
tests/keras/utils/multi_gpu_test.py","env;
tests","tests/keras/preprocessing/image_test.py::TestImage::test_directory_iterator"
5038,3.7,keras,38,.,"tests/keras/layers/cudnn_recurrent_test.py;
tests/keras/layers/merge_test.py;
tests/keras/layers/recurrent_test.py;
tests/keras/layers/wrappers_test.py;
tests/keras/legacy/interface_test.py;
tests/keras/legacy/layers_test.py;
tests/keras/utils/vis_utils_test.py;
tests/test_loss_weighting.py;
tests/test_model_saving.py","env;
tests","tests/keras/layers/recurrent_test.py::test_minimal_rnn_cell_layer"
5040,3.7,keras,40,.,"tests/keras/layers/cudnn_recurrent_test.py;
tests/keras/layers/merge_test.py;
tests/keras/layers/recurrent_test.py;
tests/keras/layers/wrappers_test.py;
tests/keras/legacy/interface_test.py;
tests/keras/legacy/layers_test.py;
tests/keras/utils/vis_utils_test.py;
tests/test_loss_weighting.py;
tests/test_model_saving.py","env;
tests","tests/keras/layers/recurrent_test.py::test_stacked_rnn_compute_output_shape"
5041,3.7,keras,41,.,"tests/keras/layers/merge_test.py;
tests/keras/utils/data_utils_test.py","env;
tests","tests/keras/utils/data_utils_test.py::test_generator_enqueuer_fail_threads"
5043,3.7,keras,43,.,"tests/integration_tests/test_image_data_tasks.py;
tests/integration_tests/test_temporal_data_tasks.py;
tests/integration_tests/test_vector_data_tasks.py;
tests/keras/layers/merge_test.py;
tests/keras/legacy/models_test.py;
tests/keras/optimizers_test.py;
tests/keras/regularizers_test.py;
tests/keras/test_callbacks.py;
tests/keras/test_sequential_model.py;
tests/keras/utils/np_utils_test.py;
tests/test_loss_weighting.py","env;
tests","tests/keras/utils/np_utils_test.py::test_to_categorical"
6002,3.8,pandas,2,pandas,"pandas/tests/indexing/test_scalar.py;
pandas/tests/indexing/multiindex/test_slice.py;
pandas/tests/indexing/test_indexing.py","pandas/tests","pandas/tests/indexing/test_scalar.py::test_at_with_tuple_index_get;
pandas/tests/indexing/test_scalar.py::test_at_with_tuple_index_set;
pandas/tests/indexing/test_scalar.py::test_multiindex_at_get;
pandas/tests/indexing/test_scalar.py::test_multiindex_at_set"
6012,3.8,pandas,12,pandas,"pandas/tests/frame/methods/test_cov_corr.py;
pandas/tests/frame/test_validate.py;
pandas/tests/io/test_stata.py","pandas/tests","pandas/tests/frame/methods/test_cov_corr.py::TestDataFrameCov::test_cov_nullable_integer"
6023,3.8,pandas,23,pandas,"pandas/tests/indexes/datetimes/test_setops.py","pandas/tests","pandas/tests/indexes/datetimes/test_setops.py::TestDatetimeIndexSetOps::test_intersection_empty;
pandas/tests/indexes/datetimes/test_setops.py::TestBusinessDatetimeIndex::test_intersection_bug;
pandas/tests/indexes/datetimes/test_setops.py::TestCustomDatetimeIndex::test_intersection_bug"
6043,3.8,pandas,43,pandas,"pandas/tests/frame/test_arithmetic.py","pandas/tests","pandas/tests/frame/test_arithmetic.py::test_pow_with_realignment"
6054,3.8,pandas,54,pandas,"pandas/tests/arrays/categorical/test_constructors.py;
pandas/tests/arrays/categorical/test_dtypes.py;
pandas/tests/arrays/categorical/test_missing.py;
pandas/tests/arrays/test_array.py;
pandas/tests/arrays/test_datetimes.py;
pandas/tests/arrays/test_period.py;
pandas/tests/dtypes/cast/test_construct_from_scalar.py;
pandas/tests/dtypes/cast/test_find_common_type.py;
pandas/tests/dtypes/cast/test_promote.py;
pandas/tests/dtypes/test_common.py;
pandas/tests/dtypes/test_dtypes.py;
pandas/tests/dtypes/test_missing.py;
pandas/tests/extension/test_common.py;
pandas/tests/extension/test_datetime.py;
pandas/tests/extension/test_interval.py;
pandas/tests/extension/test_period.py;
pandas/tests/frame/indexing/test_categorical.py;
pandas/tests/frame/test_dtypes.py;
pandas/tests/frame/test_timezones.py;
pandas/tests/indexes/categorical/test_category.py;
pandas/tests/indexes/interval/test_astype.py;
pandas/tests/indexes/interval/test_constructors.py;
pandas/tests/indexes/multi/test_astype.py;
pandas/tests/indexes/period/test_constructors.py;
pandas/tests/indexing/test_categorical.py;
pandas/tests/io/json/test_json_table_schema.py;
pandas/tests/io/parser/test_dtypes.py;
pandas/tests/reshape/merge/test_merge.py;
pandas/tests/reshape/test_concat.py;
pandas/tests/series/test_constructors.py;
pandas/tests/series/test_dtypes.py;
pandas/tests/test_algos.py","pandas/tests","pandas/tests/dtypes/test_dtypes.py::TestCategoricalDtype::test_from_values_or_dtype_invalid_dtype"
6056,3.8,pandas,56,pandas,"pandas/tests/indexing/test_scalar.py;
pandas/tests/frame/test_validate.py;
pandas/tests/io/test_stata.py","pandas/tests","pandas/tests/indexing/test_scalar.py::test_iat_dont_wrap_object_datetimelike"
6068,3.8,pandas,68,pandas,"pandas/tests/arrays/interval/test_interval.py","pandas/tests","pandas/tests/arrays/interval/test_interval.py::TestMethods::test_shift"
6072,3.8,pandas,72,pandas,"pandas/tests/frame/indexing/test_categorical.py;
pandas/tests/extension/test_external_block.py","pandas/tests","pandas/tests/frame/indexing/test_categorical.py::TestDataFrameIndexingCategorical::test_setitem_single_row_categorical"
6074,3.8,pandas,74,pandas,"pandas/tests/indexes/timedeltas/test_constructors.py;
pandas/tests/plotting/test_datetimelike.py;
pandas/tests/resample/test_timedelta.py","pandas/tests","pandas/tests/indexes/timedeltas/test_constructors.py::TestTimedeltaIndex::test_infer_from_tdi_mismatch"
6077,3.8,pandas,77,pandas,"pandas/tests/arithmetic/test_array_ops.py","pandas/tests","pandas/tests/arithmetic/test_array_ops.py::test_na_logical_op_2d"
6081,3.8,pandas,81,pandas,"pandas/tests/arrays/test_integer.py;
pandas/tests/extension/test_integer.py;
pandas/tests/frame/test_block_internals.py;
pandas/tests/frame/test_dtypes.py;
pandas/tests/frame/test_reshape.py;
pandas/tests/indexing/test_indexing.py;
pandas/tests/plotting/test_frame.py;
pandas/tests/reshape/test_concat.py","pandas/tests","pandas/tests/arrays/test_integer.py::TestCasting::test_astype_boolean"
6084,3.8,pandas,84,pandas,"pandas/tests/frame/test_reshape.py","pandas/tests","pandas/tests/frame/test_reshape.py::TestDataFrameReshape::test_unstack_tuplename_in_multiindex;
pandas/tests/frame/test_reshape.py::TestDataFrameReshape::test_unstack_mixed_type_name_in_multiindex"
6116,3.8,pandas,116,pandas,"pandas/tests/reshape/merge/test_merge_asof.py;
pandas/tests/reshape/merge/test_merge.py;
pandas/tests/reshape/merge/test_multi.py","pandas/tests","pandas/tests/reshape/merge/test_merge_asof.py::TestAsOfMerge::test_merge_index_column_tz"
6137,3.8,pandas,137,pandas,"pandas/tests/reshape/merge/test_merge.py;
pandas/tests/extension/test_categorical.py;
pandas/tests/arrays/categorical/test_api.py","pandas/tests","pandas/tests/extension/test_categorical.py::TestCasting::test_cast_category_to_extension_dtype;
pandas/tests/reshape/merge/test_merge.py::test_merge_on_cat_and_ext_array"
6141,3.8,pandas,141,pandas,"pandas/tests/indexes/test_range.py","pandas/tests","pandas/tests/indexes/test_range.py::TestRangeIndex::test_get_indexer_decreasing"
6143,3.8,pandas,143,pandas,"pandas/tests/indexes/test_range.py;
pandas/tests/frame/test_indexing.py","pandas/tests","pandas/tests/frame/test_indexing.py::TestDataFrameIndexing::test_reindex_limit;
pandas/tests/indexes/test_range.py::TestRangeIndex::test_get_indexer_limit"
6146,3.8,pandas,146,pandas,"pandas/tests/dtypes/test_missing.py;
pandas/tests/generic/test_label_or_level_utils.py","pandas/tests","pandas/tests/dtypes/test_missing.py::test_array_equivalent_tzawareness"
6168,3.8,pandas,168,pandas,"pandas/tests/groupby/test_groupby.py;
pandas/tests/groupby/aggregate/test_aggregate.py;
pandas/tests/groupby/test_grouping.py;
pandas/tests/groupby/test_timegrouper.py;
pandas/tests/resample/test_base.py;
pandas/tests/resample/test_datetime_index.py;
pandas/tests/resample/test_time_grouper.py","pandas/tests","pandas/tests/groupby/test_groupby.py::test_groupby_axis_1"
7001,3.8,sanic,1,.,"tests/test_blueprints.py;
tests/test_app.py;
tests/test_asgi.py;
tests/test_config.py;
tests/test_custom_request.py;
tests/test_exceptions.py;
tests/test_exceptions_handler.py;
tests/test_keep_alive_timeout.py;
tests/test_logging.py;
tests/test_request_timeout.py;
tests/test_requests.py;
tests/test_response.py;
tests/test_response_timeout.py;
tests/test_routes.py;
tests/test_worker.py","env;
tests","tests/test_blueprints.py::test_bp_middleware_order"
7003,3.8,sanic,3,.,"tests/test_url_for.py;
tests/test_asgi.py;
tests/test_config.py;
tests/test_custom_request.py;
tests/test_exceptions.py;
tests/test_exceptions_handler.py;
tests/test_keep_alive_timeout.py;
tests/test_logging.py;
tests/test_request_timeout.py;
tests/test_requests.py;
tests/test_response.py;
tests/test_response_timeout.py;
tests/test_routes.py;
tests/test_worker.py","env;
tests","tests/test_url_for.py::test_routes_with_host"
7004,3.8,sanic,4,.,"tests/test_requests.py","env;
tests","tests/test_requests.py::test_url_for_without_server_name"
8001,3.8,spacy,1,.,"spacy/tests/test_errors.py;
spacy/tests/test_displacy.py;
spacy/tests/test_gold.py","spacy/tests;
env","spacy/tests/test_errors.py::test_add_codes"
8002,3.8,spacy,2,.,"spacy/tests/regression/test_issue5137.py;
spacy/tests/doc/test_creation.py;
spacy/tests/doc/test_span.py;
spacy/tests/doc/test_to_json.py;
spacy/tests/lang/en/test_customized_tokenizer.py;
spacy/tests/lang/en/test_punct.py;
spacy/tests/lang/test_initialize.py;
spacy/tests/matcher/test_pattern_validation.py;
spacy/tests/parser/test_add_label.py;
spacy/tests/regression/test_issue3001-3500.py;
spacy/tests/regression/test_issue3611.py;
spacy/tests/regression/test_issue4030.py;
spacy/tests/regression/test_issue4042.py;
spacy/tests/regression/test_issue4054.py;
spacy/tests/regression/test_issue4190.py;
spacy/tests/regression/test_issue4348.py;
spacy/tests/regression/test_issue4674.py;
spacy/tests/regression/test_issue4707.py;
spacy/tests/serialize/test_serialize_kb.py;
spacy/tests/serialize/test_serialize_tokenizer.py;
spacy/tests/test_gold.py;
spacy/tests/test_json_schemas.py;
spacy/tests/test_misc.py;
spacy/tests/tokenizer/test_explain.py;
spacy/tests/tokenizer/test_tokenizer.py","spacy/tests;
env","spacy/tests/regression/test_issue5137.py::test_issue5137"
8003,3.8,spacy,3,.,"spacy/tests/regression/test_issue5314.py;
spacy/tests/test_gold.py","spacy/tests;
env","spacy/tests/regression/test_issue5314.py::test_issue5314"
8004,3.8,spacy,4,.,"spacy/tests/regression/test_issue4665.py;
spacy/tests/test_cli.py;
spacy/tests/test_gold.py","spacy/tests;
env","spacy/tests/regression/test_issue4665.py::test_issue4665"
8005,3.8,spacy,5,.,"spacy/tests/doc/test_pickle_doc.py;
spacy/tests/lang/fr/test_prefix_suffix_infix.py;
spacy/tests/parser/test_nn_beam.py;
spacy/tests/pipeline/test_analysis.py;
spacy/tests/pipeline/test_entity_ruler.py;
spacy/tests/pipeline/test_factories.py;
spacy/tests/pipeline/test_pipe_methods.py;
spacy/tests/pipeline/test_textcat.py;
spacy/tests/regression/test_issue1-1000.py;
spacy/tests/regression/test_issue1501-2000.py;
spacy/tests/regression/test_issue2501-3000.py;
spacy/tests/regression/test_issue3526.py;
spacy/tests/regression/test_issue4278.py;
spacy/tests/serialize/test_serialize_language.py;
spacy/tests/test_gold.py;
spacy/tests/test_language.py;
spacy/tests/test_lemmatizer.py","spacy/tests;
env","spacy/tests/test_language.py::test_evaluate_no_pipe"
8006,3.8,spacy,6,.,"spacy/tests/doc/test_pickle_doc.py;
spacy/tests/lang/fr/test_prefix_suffix_infix.py;
spacy/tests/parser/test_nn_beam.py;
spacy/tests/pipeline/test_analysis.py;
spacy/tests/pipeline/test_entity_ruler.py;
spacy/tests/pipeline/test_factories.py;
spacy/tests/pipeline/test_pipe_methods.py;
spacy/tests/pipeline/test_textcat.py;
spacy/tests/regression/test_issue1-1000.py;
spacy/tests/regression/test_issue1501-2000.py;
spacy/tests/regression/test_issue2501-3000.py;
spacy/tests/regression/test_issue3526.py;
spacy/tests/regression/test_issue4278.py;
spacy/tests/serialize/test_serialize_language.py;
spacy/tests/test_gold.py;
spacy/tests/test_language.py;
spacy/tests/test_lemmatizer.py","spacy/tests;
env","spacy/tests/pipeline/test_analysis.py::test_analysis_validate_attrs_remove_pipe"
9002,3.7,thefuck,2,thefuck,"tests/test_utils.py","-","tests/test_utils.py::test_get_all_executables_pathsep"
9003,3.7,thefuck,3,thefuck,"tests/shells/test_fish.py","-","tests/shells/test_fish.py::TestFish::test_info"
9004,3.7,thefuck,4,thefuck,"tests/shells/test_fish.py","-","tests/shells/test_fish.py::TestFish::test_get_aliases"
9006,3.7,thefuck,6,thefuck,"tests/rules/test_git_branch_exists.py;
tests/specific/test_git.py","-","tests/rules/test_git_branch_exists.py::test_get_new_command"
9007,3.7,thefuck,7,thefuck,"tests/rules/test_php_s.py","-","tests/rules/test_php_s.py::test_match"
9008,3.7,thefuck,8,thefuck,"tests/rules/test_dnf_no_such_command.py","-","tests/rules/test_dnf_no_such_command.py::test_get_new_command;
tests/rules/test_dnf_no_such_command.py::test_get_operations"
9013,3.7,thefuck,13,thefuck,"tests/rules/test_git_branch_exists.py;
tests/specific/test_git.py","-","tests/rules/test_git_branch_exists.py::test_match;
tests/rules/test_git_branch_exists.py::test_get_new_command"
9014,3.7,thefuck,14,thefuck,"tests/shells/test_fish.py;
tests/rules/test_git_branch_list.py;
tests/specific/test_git.py","-","tests/shells/test_fish.py::TestFish::test_get_overridden_aliases"
9015,3.7,thefuck,15,thefuck,"tests/rules/test_git_add.py;
tests/specific/test_git.py","-","tests/rules/test_git_add.py::test_match"
9017,3.7,thefuck,17,thefuck,"tests/shells/test_bash.py","-","tests/shells/test_bash.py::TestBash::test_get_aliases;
tests/shells/test_bash.py::TestBash::test_from_shell"
9019,3.7,thefuck,19,thefuck,"tests/rules/test_git_push.py;
tests/rules/test_git_push_force.py;
tests/specific/test_git.py","-","tests/rules/test_git_push_force.py::test_get_new_command"
9020,3.7,thefuck,20,thefuck,"tests/rules/test_dirty_unzip.py","-","tests/rules/test_dirty_unzip.py::test_get_new_command"
9025,3.7,thefuck,25,thefuck,"tests/rules/test_mkdir_p.py","-","tests/rules/test_mkdir_p.py::test_get_new_command"
9026,3.7,thefuck,26,thefuck,"tests/rules/test_vagrant_up.py","-","tests/rules/test_vagrant_up.py::test_get_new_command"
9028,3.7,thefuck,28,thefuck,"tests/rules/test_fix_file.py","-","tests/rules/test_fix_file.py::test_get_new_command_with_settings"
9029,3.7,thefuck,29,thefuck,"tests/test_utils.py;
tests/test_types.py","-","tests/test_types.py::test_update_settings;
tests/test_utils.py::test_wrap_settings"
10001,3.7,tornado,1,tornado,"tornado/test/websocket_test.py","tornado/test","tornado/test/websocket_test.py::WebSocketTest::test_nodelay"
10005,3.7,tornado,5,tornado,"tornado/test/asyncio_test.py;
tornado/test/concurrent_test.py;
tornado/test/gen_test.py;
tornado/test/http1connection_test.py;
tornado/test/httpclient_test.py;
tornado/test/httpserver_test.py;
tornado/test/ioloop_test.py;
tornado/test/iostream_test.py;
tornado/test/locks_test.py;
tornado/test/process_test.py;
tornado/test/queues_test.py;
tornado/test/runtests.py;
tornado/test/simple_httpclient_test.py;
tornado/test/stack_context_test.py;
tornado/test/tcpclient_test.py;
tornado/test/testing_test.py;
tornado/test/twisted_test.py;
tornado/test/util_test.py;
tornado/test/web_test.py","tornado/test","tornado/test/ioloop_test.py::TestPeriodicCallbackMath::test_clock_backwards"
10006,3.7,tornado,6,tornado,"tornado/test/asyncio_test.py;
tornado/test/concurrent_test.py;
tornado/test/gen_test.py;
tornado/test/http1connection_test.py;
tornado/test/httpclient_test.py;
tornado/test/httpserver_test.py;
tornado/test/ioloop_test.py;
tornado/test/iostream_test.py;
tornado/test/locks_test.py;
tornado/test/process_test.py;
tornado/test/queues_test.py;
tornado/test/runtests.py;
tornado/test/simple_httpclient_test.py;
tornado/test/stack_context_test.py;
tornado/test/tcpclient_test.py;
tornado/test/testing_test.py;
tornado/test/twisted_test.py;
tornado/test/util_test.py;
tornado/test/web_test.py","tornado/test","tornado/test/asyncio_test.py::LeakTest::test_ioloop_close_leak;
tornado/test/asyncio_test.py::LeakTest::test_asyncio_close_leak"
10008,3.7,tornado,8,tornado,"tornado/test/websocket_test.py","tornado/test","tornado/test/websocket_test.py::WebSocketTest::test_missing_websocket_key"
11003,3.6,tqdm,3,tqdm,"tqdm/tests/tests_pandas.py;
tqdm/tests/tests_perf.py;
tqdm/tests/tests_synchronisation.py;
tqdm/tests/tests_tqdm.py","tqdm/tests","tqdm/tests/tests_tqdm.py::test_bool"
11004,3.6,tqdm,4,tqdm,"tqdm/tests/tests_pandas.py;
tqdm/tests/tests_perf.py;
tqdm/tests/tests_synchronisation.py;
tqdm/tests/tests_tqdm.py","tqdm/tests","tqdm/tests/tests_tqdm.py::test_nototal"
11005,3.6,tqdm,5,tqdm,"tqdm/tests/tests_pandas.py;
tqdm/tests/tests_perf.py;
tqdm/tests/tests_synchronisation.py;
tqdm/tests/tests_tqdm.py","tqdm/tests","tqdm/tests/tests_tqdm.py::test_bool"
11006,3.6,tqdm,6,tqdm,"tqdm/tests/tests_pandas.py;
tqdm/tests/tests_perf.py;
tqdm/tests/tests_synchronisation.py;
tqdm/tests/tests_tqdm.py","tqdm/tests","tqdm/tests/tests_synchronisation.py::test_imap"
11007,3.6,tqdm,7,tqdm,"tqdm/tests/tests_main.py","tqdm/tests","tqdm/tests/tests_main.py::test_main"
11008,3.6,tqdm,8,tqdm,"tqdm/tests/tests_pandas.py;
tqdm/tests/tests_perf.py;
tqdm/tests/tests_tqdm.py","tqdm/tests","tqdm/tests/tests_tqdm.py::test_format_meter"
11009,3.6,tqdm,9,tqdm,"tqdm/tests/tests_tqdm.py","tqdm/tests","tqdm/tests/tests_tqdm.py::test_si_format;
tqdm/tests/tests_tqdm.py::test_update"
12001,3.7,youtube-dl,1,youtube_dl,"test/test_InfoExtractor.py;
test/test_YoutubeDL.py;
test/test_aes.py;
test/test_downloader_http.py;
test/test_execution.py;
test/test_update.py;
test/test_utils.py","-","test/test_utils.py::TestUtil::test_match_str"
12002,3.7,youtube-dl,2,youtube_dl,"test/test_InfoExtractor.py;
test/test_YoutubeDL.py;
test/test_all_urls.py;
test/test_iqiyi_sdk_interpreter.py;
test/test_youtube_lists.py","-","test/test_InfoExtractor.py::TestInfoExtractor::test_parse_mpd_formats"
12006,3.7,youtube-dl,6,youtube_dl,"test/test_YoutubeDL.py;
test/test_aes.py;
test/test_compat.py;
test/test_execution.py;
test/test_utils.py","-","test/test_utils.py::TestUtil::test_parse_dfxp_time_expr"
12007,3.7,youtube-dl,7,youtube_dl,"test/test_YoutubeDL.py;
test/test_aes.py;
test/test_compat.py;
test/test_execution.py;
test/test_utils.py","-","test/test_utils.py::TestUtil::test_js_to_json_realworld"
12013,3.7,youtube-dl,13,youtube_dl,"test/test_InfoExtractor.py;
test/test_YoutubeDL.py;
test/test_YoutubeDLCookieJar.py;
test/test_aes.py;
test/test_downloader_http.py;
test/test_execution.py;
test/test_update.py;
test/test_utils.py","-","test/test_utils.py::TestUtil::test_urljoin"
12015,3.7,youtube-dl,15,youtube_dl,"test/test_InfoExtractor.py;
test/test_YoutubeDL.py;
test/test_aes.py;
test/test_execution.py;
test/test_update.py;
test/test_utils.py","-","test/test_utils.py::TestUtil::test_js_to_json_edgecases;
test/test_utils.py::TestUtil::test_js_to_json_realworld"
12017,3.7,youtube-dl,17,youtube_dl,"test/test_InfoExtractor.py;
test/test_YoutubeDL.py;
test/test_aes.py;
test/test_execution.py;
test/test_update.py;
test/test_utils.py","-","test/test_utils.py::TestUtil::test_cli_bool_option"
12018,3.7,youtube-dl,18,youtube_dl,"test/test_YoutubeDL.py;
test/test_age_restriction.py;
test/test_http.py;
test/test_postprocessors.py;
test/test_socks.py;
test/test_subtitles.py","-","test/test_YoutubeDL.py::TestYoutubeDL::test_do_not_override_ie_key_in_url_transparent"
12020,3.7,youtube-dl,20,youtube_dl,"test/test_InfoExtractor.py;
test/test_YoutubeDL.py;
test/test_aes.py;
test/test_execution.py;
test/test_update.py;
test/test_utils.py","-","test/test_utils.py::TestUtil::test_get_element_by_attribute"
12021,3.7,youtube-dl,21,youtube_dl,"test/test_InfoExtractor.py;
test/test_YoutubeDL.py;
test/test_aes.py;
test/test_execution.py;
test/test_update.py;
test/test_utils.py","-","test/test_utils.py::TestUtil::test_urljoin"
12024,3.7,youtube-dl,24,youtube_dl,"test/test_InfoExtractor.py;
test/test_YoutubeDL.py;
test/test_aes.py;
test/test_execution.py;
test/test_update.py;
test/test_utils.py","-","test/test_YoutubeDL.py::TestYoutubeDL::test_match_filter"
12025,3.7,youtube-dl,25,youtube_dl,"test/test_InfoExtractor.py;
test/test_YoutubeDL.py;
test/test_aes.py;
test/test_execution.py;
test/test_update.py;
test/test_utils.py","-","test/test_utils.py::TestUtil::test_js_to_json_realworld"
12031,3.7,youtube-dl,31,youtube_dl,"test/test_compat.py;
test/test_utils.py","-","test/test_utils.py::TestUtil::test_parse_duration"
12034,3.7,youtube-dl,34,youtube_dl,"test/test_utils.py","-","test/test_utils.py::TestUtil::test_js_to_json"
12041,3.7,youtube-dl,41,youtube_dl,"test/test_utils.py","-","test/test_utils.py::TestUtil::test_unified_dates"
12043,3.7,youtube-dl,43,youtube_dl,"test/test_utils.py","-","test/test_utils.py::TestUtil::test_url_basename"
15003,3.8,luigi,3,.,"test/choice_parameter_test.py;
test/contrib/streaming_test.py;
test/date_interval_test.py;
test/date_parameter_test.py;
test/dict_parameter_test.py;
test/numerical_parameter_test.py;
test/parameter_test.py;
test/task_bulk_complete_test.py;
test/worker_multiprocess_test.py","env;
test","test/parameter_test.py::TestSerializeTupleParameter::testSerialize"
15005,3.8,luigi,5,.,"test/decorator_test.py;
test/util_previous_test.py;
test/util_test.py","env;
test","test/util_test.py::BasicsTest::test_inherits_has_effect_MRO;
test/util_test.py::BasicsTest::test_requires_has_effect_MRO"
15006,3.8,luigi,6,.,"test/choice_parameter_test.py;
test/contrib/streaming_test.py;
test/date_interval_test.py;
test/date_parameter_test.py;
test/dict_parameter_test.py;
test/numerical_parameter_test.py;
test/parameter_test.py;
test/task_bulk_complete_test.py;
test/worker_multiprocess_test.py","env;
test","test/parameter_test.py::TestParametersHashability::test_list_dict;
test/parameter_test.py::TestParametersHashability::test_tuple_dict"
15012,3.8,luigi,12,.,"test/hdfs_client_test.py","env;
test","test/hdfs_client_test.py::HdfsClientTest::test_get_autoconfig_client_cached"
15013,3.8,luigi,13,.,"test/cmdline_test.py;
test/contrib/hdfs_test.py;
test/contrib/hive_test.py;
test/contrib/opener_test.py;
test/contrib/test_ssh.py;
test/file_test.py;
test/scheduler_visualisation_test.py;
test/task_test.py;
test/test_ssh.py;
test/worker_external_task_test.py;
test/wrap_test.py","env;
test","test/file_test.py::FileSystemTest::test_move_to_new_dir"
15022,3.8,luigi,22,.,"test/scheduler_test.py;
test/central_planner_test.py;
test/rpc_test.py;
test/scheduler_visualisation_test.py;
test/server_test.py;
test/task_history_test.py;
test/task_test.py;
test/worker_external_task_test.py;
test/worker_test.py","env;
test","test/scheduler_test.py::SchedulerTest::test_worker_prune_after_init"
15023,3.8,luigi,23,.,"test/central_planner_test.py;
test/cmdline_test.py;
test/date_hour_test.py;
test/date_interval_test.py;
test/date_minute_test.py;
test/dynamic_import_test.py;
test/event_callbacks_test.py;
test/import_test.py;
test/interface_test.py;
test/rpc_test.py;
test/scheduler_visualisation_test.py;
test/server_test.py;
test/task_history_test.py;
test/task_test.py;
test/worker_external_task_test.py;
test/worker_test.py","env;
test","test/worker_external_task_test.py::WorkerExternalTaskTest::test_external_dependency_completes_later"
15026,3.8,luigi,26,.,"test/contrib/hadoop_jar_test.py","env;
test","test/contrib/hadoop_jar_test.py::HadoopJarJobTaskTest::test_missing_jar"
15028,3.8,luigi,28,.,"test/contrib/hive_test.py","env;
test","test/contrib/hive_test.py::HiveCommandClientTest::test_table_exists;
test/contrib/hive_test.py::HiveCommandClientTest::test_apacheclient_table_exists"
15029,3.8,luigi,29,.,"test/decorator_test.py;
test/task_test.py","env;
test","test/task_test.py::TaskTest::test_external_tasks_loadable"
15030,3.8,luigi,30,.,"test/test_event_callbacks.py;
test/fib_test.py;
test/instance_test.py;
test/instance_wrap_test.py;
test/interface_test.py;
test/recursion_test.py;
test/scheduler_visualisation_test.py;
test/task_history_test.py;
test/task_test.py;
test/worker_external_task_test.py;
test/worker_multiprocess_test.py;
test/worker_parallel_scheduling_test.py;
test/worker_test.py;
test/wrap_test.py","env;
test","test/test_event_callbacks.py::TestEventCallbacks::test_failure;
test/test_event_callbacks.py::TestEventCallbacks::test_processing_time_handler_failure"
15031,3.8,luigi,31,.,"test/central_planner_test.py;
test/rpc_test.py;
test/scheduler_visualisation_test.py;
test/server_test.py;
test/task_history_test.py;
test/task_test.py;
test/worker_external_task_test.py;
test/worker_test.py","env;
test","test/central_planner_test.py::CentralPlannerTest::test_assistant_get_work_external_task"
15032,3.8,luigi,32,.,"test/instance_test.py;
test/decorator_test.py","env;
test","test/instance_test.py::InstanceTest::test_unhashable_type"
